Handle;Title;Body (HTML);Included in Online Store;Image Src;Option1 Name;Option1 Value;Option2 Name;Option2 Value;Option3 Name;Option3 Value;Variant Price;Variant Compare At Price;Track Inventory;;;;;Allow Out of Stock Purchases;Available Quantity;SKU;Weight Value;Weight Unit;Dimension Length;Dimension Width;Dimension Height;Dimension Unit;Product Label Enable;Label Title;Label Start Date;Label End Date;SEO Title;SEO Description
product-code-3075;Chocolate Dipped Strawberries Box;Our legendary chocolate-covered strawberries. A dozen of them. Need we say more? Oh, right. Treat yourself! Delightfully indulgent and ready to satisfy any sweet tooth, this chocolate-covered strawberry box is a tried-and-true classic that you can also send as a sweet gift or surprise.;TRUE;https://rescloud.ediblearrangements.com/image/private/t_EA_PDP/Creative-Marketing/Products/SKU/3075_2727_Chocolate_Dipped_Strawberries_Box_12ct_everyday_s.webp;Option;;;;;;$49.99;;TRUE;;;;;FALSE;150;;;;;;;;;;;;Chocolate Dipped Strawberries Box;Our legendary chocolate-covered strawberries. A dozen of them. Need we say more? Oh, right. Treat yourself! Delightfully indulgent and ready to satisfy any
product-code-6432;Mother's Day Assortment Berry Box;Juicy strawberries bathed in chocolate are the flavor du jour in this pretty box. It’s meant for the mom that has it all — including great taste.;TRUE;https://rescloud.ediblearrangements.com/image/private/t_EA_PDP/Creative-Marketing/Products/SKU/6432_5482_Mothers_Day_Assortment_Berry_Box_12ct.webp;Option;1 - 12ct box;;;;;$51.99;;TRUE;;;;;FALSE;150;;;;;;;;;;;;Mother's Day Assortment Berry Box;Juicy strawberries bathed in chocolate are the flavor du jour in this pretty box. It’s meant for the mom that has it all — including great taste.
product-code-6444;Mother's Day Deluxe Celebration Arrangement;Send sweet Mother's Day wishes from near or far with our Mother's Day Deluxe Celebration. Each blissful bite of fruit is worth one ignored phone call (or two texts left on read).;TRUE;https://rescloud.ediblearrangements.com/image/private/t_EA_PDP/Creative-Marketing/Products/SKU/6444_5478_Mothers_Day_Deluxe_Celebration_Arrangement_A_s.webp;Option;Janes Garden;;;;;$139.99;;TRUE;;;;;FALSE;150;;;;;;;;;;;;Mother's Day Deluxe Celebration Arrangement;Send sweet Mother's Day wishes from near or far with our Mother's Day Deluxe Celebration. Each blissful bite of fruit is worth one ignored phone call (or t
product-code-6444;;;;https://rescloud.ediblearrangements.com/image/private/t_EA_PDP/Creative-Marketing/Products/SKU/6444_5478_Mothers_Day_Deluxe_Celebration_Arrangement_B_s.webp;;Modern Mosaic;;;;;$139.99;;TRUE;;;;;FALSE;150;;;;;;;;;;;;Mother's Day Deluxe Celebration Arrangement;Send sweet Mother's Day wishes from near or far with our Mother's Day Deluxe Celebration. Each blissful bite of fruit is worth one ignored phone call (or t
product-code-6445;Mother's Day Celebration Arrangement;Send sweet Mother's Day wishes from near or far with our Mother's Day Celebration. Each blissful bite of fruit is worth one ignored phone call (or two texts left on read).;TRUE;https://rescloud.ediblearrangements.com/image/private/t_EA_PDP/Creative-Marketing/Products/SKU/6445_5479_Mothers_Day_Celebration_Arrangement_MOM_s.webp;Option;MOM;;;;;$89.99;;TRUE;;;;;FALSE;150;;;;;;;;;;;;Mother's Day Celebration Arrangement;Send sweet Mother's Day wishes from near or far with our Mother's Day Celebration. Each blissful bite of fruit is worth one ignored phone call (or two text
product-code-6445;;;;https://rescloud.ediblearrangements.com/image/private/t_EA_PDP/Creative-Marketing/Products/SKU/6445_5479_Mothers_Day_Celebration_Arrangement_MAMA_s.webp;;MAMA;;;;;$89.99;;TRUE;;;;;FALSE;150;;;;;;;;;;;;Mother's Day Celebration Arrangement;Send sweet Mother's Day wishes from near or far with our Mother's Day Celebration. Each blissful bite of fruit is worth one ignored phone call (or two text
product-code-6479;#1 Mom Fruit Arrangement;Mom has always been the star of the show. Give her the marquee treatment with a sweet, seasonal fruit bouquet that has that “wow” factor. It’s a true centerpiece for her special day.;TRUE;https://rescloud.ediblearrangements.com/image/private/t_EA_PDP/Creative-Marketing/Products/SKU/6479_5507_No1_Mom_Fruit_Arrangement_MOM_s.webp;Option;MOM;;;;;$69.99;;TRUE;;;;;FALSE;150;;;;;;;;;;;;#1 Mom Fruit Arrangement;Mom has always been the star of the show. Give her the marquee treatment with a sweet, seasonal fruit bouquet that has that “wow” factor. It’s a true cente
product-code-6479;;;;https://rescloud.ediblearrangements.com/image/private/t_EA_PDP/Creative-Marketing/Products/SKU/6479_5507_No1_Mom_Fruit_Arrangement_daisy_s.webp;;Daisy;;;;;$59.99;;TRUE;;;;;FALSE;150;;;;;;;;;;;;#1 Mom Fruit Arrangement;Mom has always been the star of the show. Give her the marquee treatment with a sweet, seasonal fruit bouquet that has that “wow” factor. It’s a true cente
product-code-7077;Mother's Day Celebration & Balloons;Mother's Day magic isn't going to make itself (but sending our Mother's Day Celebration & Balloons sure is a sweet shortcut). Our blissfully sweet chocolate-dipped strawberries add a tasty surprise.    Celebración del día de la madre y globos     El día de las madres no será mágico por sí solo (pero nuestra celebración del día de la madre y globos seguro es un dulce acierto). Nuestras deliciosas fresas bañadas en chocolate son una sorpresa deliciosa.;TRUE;https://rescloud.ediblearrangements.com/image/private/t_EA_PDP/Creative-Marketing/Products/SKU/7077_5794_Mothers_Day_Celebration_and_Balloon_Bouquet_MOM.webp;Option;MOM;;;;;$109.98;;TRUE;;;;;FALSE;150;;;;;;;;;;;;Mother's Day Celebration & Balloons;Mother's Day magic isn't going to make itself (but sending our Mother's Day Celebration & Balloons sure is a sweet shortcut). Our blissfully sweet chocolat
product-code-7077;;;;https://rescloud.ediblearrangements.com/image/private/t_EA_PDP/Creative-Marketing/Products/SKU/7077_5794_Mothers_Day_Celebration_and_Balloon_Bouquet_MAMA.webp;;MAMA;;;;;$109.98;;TRUE;;;;;FALSE;150;;;;;;;;;;;;Mother's Day Celebration & Balloons;Mother's Day magic isn't going to make itself (but sending our Mother's Day Celebration & Balloons sure is a sweet shortcut). Our blissfully sweet chocolat
product-code-7224;Fresh Cut Daisies and Blooms Arrangement;If a smile emoji was a flower and fruit arrangement, this would be it. Get ready for grins because this arrangement is ten times better than a text.;TRUE;https://rescloud.ediblearrangements.com/image/private/t_EA_PDP/Creative-Marketing/Products/SKU/7224_5859_Fresh_Cut_Daisies_and_Blooms_Arrangement_s.webp;Option;One Size;;;;;$59.99;;TRUE;;;;;FALSE;150;;;;;;;;;;;;Fresh Cut Daisies and Blooms Arrangement;If a smile emoji was a flower and fruit arrangement, this would be it. Get ready for grins because this arrangement is ten times better than a text.
product-code-7908;Mom's Chocolate-Covered Strawberries Platter;Diamonds were once a girl’s best friend — until strawberries entered the chat. Offer Mom a platter of chocolate-covered fruit, topped with pineapple letters, and show her that she is the real gem.;TRUE;https://rescloud.ediblearrangements.com/image/private/t_EA_PDP/Creative-Marketing/Products/SKU/7908_6149_Moms_Chocolate_Covered_Strawberry_Platter_over_s.webp;Option;MOM;;;;;$89.99;;TRUE;;;;;FALSE;150;;;;;;;;;;;;Mom's Chocolate-Covered Strawberries Platter;Diamonds were once a girl’s best friend — until strawberries entered the chat. Offer Mom a platter of chocolate-covered fruit, topped with pineapple letter
product-code-7909;Love & Blooms Arrangement Gift Set;Love and sweetness are in bloom with our Love and Blooms Arrangement Gift Set. Give a gift sealed with a fresh dose of hearts, hugs, and kisses.;TRUE;https://rescloud.ediblearrangements.com/image/private/t_EA_PDP/Creative-Marketing/Products/SKU/7909_Love_and_Blooms_Arrangement_Gift_Set_US.webp;Option;One Size;;;;;$62.98;;TRUE;;;;;FALSE;150;;;;;;;;;;;;Love & Blooms Arrangement Gift Set;Love and sweetness are in bloom with our Love and Blooms Arrangement Gift Set. Give a gift sealed with a fresh dose of hearts, hugs, and kisses.
product-code-7953;Mother's Day Premium Bouquet;Nothing says Happy Mother's Day like a fresh flower delivery. Flourishing, feminine hues of purple bring this beautiful bouquet to life. Choose one of two vase designs to complete their gift. Actual vase may vary from the image shown.;TRUE;https://rescloud.ediblearrangements.com/image/private/t_EA_PDP/Creative-Marketing/Products/SKU/7953_7245_Mothers_Day_Premium_Bouquet_vase_pitcher_s.webp;Option;Single with Janes Garden Pitcher;;;;;$99.98;;TRUE;;;;;FALSE;150;;;;;;;;;;;;Mother's Day Premium Bouquet;Nothing says Happy Mother's Day like a fresh flower delivery. Flourishing, feminine hues of purple bring this beautiful bouquet to life. Choose one of two 
product-code-7953;;;;https://rescloud.ediblearrangements.com/image/private/t_EA_PDP/Creative-Marketing/Products/SKU/7953_7245_Mothers_Day_Premium_Bouquet_vase_custom_floral_s.webp;;Single with Janes Garden Vase;;;;;$96.98;;TRUE;;;;;FALSE;150;;;;;;;;;;;;Mother's Day Premium Bouquet;Nothing says Happy Mother's Day like a fresh flower delivery. Flourishing, feminine hues of purple bring this beautiful bouquet to life. Choose one of two 
product-code-7953;;;;https://rescloud.ediblearrangements.com/image/private/t_EA_PDP/Creative-Marketing/Products/SKU/7953_7245_Mothers_Day_Premium_Bouquet_vase_custom_mosaic_s.webp;;Single with Modern Mosaic Vase;;;;;$96.98;;TRUE;;;;;FALSE;150;;;;;;;;;;;;Mother's Day Premium Bouquet;Nothing says Happy Mother's Day like a fresh flower delivery. Flourishing, feminine hues of purple bring this beautiful bouquet to life. Choose one of two 
product-code-7953;;;;https://rescloud.ediblearrangements.com/image/private/t_EA_PDP/Creative-Marketing/Products/SKU/7953_7245_Mothers_Day_Premium_Bouquet_angled_s.webp;;Single Bouquet;;;;;$74.99;;TRUE;;;;;FALSE;150;;;;;;;;;;;;Mother's Day Premium Bouquet;Nothing says Happy Mother's Day like a fresh flower delivery. Flourishing, feminine hues of purple bring this beautiful bouquet to life. Choose one of two 
product-code-7956;Mother's Day Premium Bouquet & Berries Gift Set;You really need to be better about calling, but in the meantime send our Mother's Day Premium Bouquet & Berries Gift set and all will be forgiven. Include a vase to complete their gift.;TRUE;https://rescloud.ediblearrangements.com/image/private/t_EA_PDP/Creative-Marketing/Products/SKU/7956_6169_Mothers_Day_Premium_Bouquet_and_Berries_Gift_Set_vase_pitcher.webp;Option;Single with Janes Garden Pitcher;;;;;$151.97;;TRUE;;;;;FALSE;150;;;;;;;;;;;;Mother's Day Premium Bouquet & Berries Gift Set;You really need to be better about calling, but in the meantime send our Mother's Day Premium Bouquet & Berries Gift set and all will be forgiven. Include 
product-code-7956;;;;https://rescloud.ediblearrangements.com/image/private/t_EA_PDP/Creative-Marketing/Products/SKU/7956_6169_Mothers_Day_Premium_Bouquet_and_Berries_Gift_Set_vase_custom_mosaic.webp;;Single with Modern Mosaic Vase;;;;;$148.97;;TRUE;;;;;FALSE;150;;;;;;;;;;;;Mother's Day Premium Bouquet & Berries Gift Set;You really need to be better about calling, but in the meantime send our Mother's Day Premium Bouquet & Berries Gift set and all will be forgiven. Include 
product-code-7956;;;;https://rescloud.ediblearrangements.com/image/private/t_EA_PDP/Creative-Marketing/Products/SKU/7956_6169_Mothers_Day_Premium_Bouquet_and_Berries_Gift_Set_vase_custom_floral.webp;;Single with Janes Garden Vase;;;;;$148.97;;TRUE;;;;;FALSE;150;;;;;;;;;;;;Mother's Day Premium Bouquet & Berries Gift Set;You really need to be better about calling, but in the meantime send our Mother's Day Premium Bouquet & Berries Gift set and all will be forgiven. Include 
product-code-7956;;;;https://rescloud.ediblearrangements.com/image/private/t_EA_PDP/Creative-Marketing/Products/SKU/7956_6169_Mothers_Day_Premium_Bouquet_and_Berries_Gift_Set_angled.webp;;Single Bouquet;;;;;$126.98;;TRUE;;;;;FALSE;150;;;;;;;;;;;;Mother's Day Premium Bouquet & Berries Gift Set;You really need to be better about calling, but in the meantime send our Mother's Day Premium Bouquet & Berries Gift set and all will be forgiven. Include 
product-code-8440;Yellow May Flowers;Add a fresh breath of spring and chic finishing touch to mom's Mother's Day gift with our Yellow May Flowers. Choose one of two vase designs to complete their gift.;TRUE;https://rescloud.ediblearrangements.com/image/private/t_EA_PDP/Creative-Marketing/Products/SKU/8440_6457_Yellow_May_Flowers_vase_custom_mosaic_s.webp;Option;Single with Modern Mosaic Vase;;;;;$81.98;;TRUE;;;;;FALSE;150;;;;;;;;;;;;Yellow May Flowers;Add a fresh breath of spring and chic finishing touch to mom's Mother's Day gift with our Yellow May Flowers. Choose one of two vase designs to complete th
product-code-8440;;;;https://rescloud.ediblearrangements.com/image/private/t_EA_PDP/Creative-Marketing/Products/SKU/8440_6457_Yellow_May_Flowers_vase_custom_floral_s.webp;;Single with Janes Garden Vase;;;;;$81.98;;TRUE;;;;;FALSE;150;;;;;;;;;;;;Yellow May Flowers;Add a fresh breath of spring and chic finishing touch to mom's Mother's Day gift with our Yellow May Flowers. Choose one of two vase designs to complete th
product-code-8440;;;;https://rescloud.ediblearrangements.com/image/private/t_EA_PDP/Creative-Marketing/Products/SKU/8440_6457_Yellow_May_Flowers_vase_trumpet_s.webp;;Single with Clear Vase;;;;;$74.98;;TRUE;;;;;FALSE;150;;;;;;;;;;;;Yellow May Flowers;Add a fresh breath of spring and chic finishing touch to mom's Mother's Day gift with our Yellow May Flowers. Choose one of two vase designs to complete th
product-code-8440;;;;https://rescloud.ediblearrangements.com/image/private/t_EA_PDP/Creative-Marketing/Products/SKU/8440_6457_Yellow_May_Flowers_angled_s.webp;;Single Bouquet;;;;;$59.99;;TRUE;;;;;FALSE;150;;;;;;;;;;;;Yellow May Flowers;Add a fresh breath of spring and chic finishing touch to mom's Mother's Day gift with our Yellow May Flowers. Choose one of two vase designs to complete th
product-code-8444;The Sweetest Mother's Day Platter & Yellow Bouquet;Make sure mom knows she's one of a kind with our Yellow flowers. A uniquely sweet platter with MOM at the center and a bright burst of fresh flowers will make her feel like the star of Mother's Day (as she should). Choose one of two vase designs to complete their gift.;TRUE;https://rescloud.ediblearrangements.com/image/private/t_EA_PDP/Creative-Marketing/Products/SKU/8444_6459_The_Sweetest_Mothers_Day_Platter_and_Yellow_Bouquet_vase_custom_floral.webp;Option;Single with Janes Garden Vase;;;;;$171.97;;TRUE;;;;;FALSE;150;;;;;;;;;;;;The Sweetest Mother's Day Platter & Yellow Bouquet;Make sure mom knows she's one of a kind with our Yellow flowers. A uniquely sweet platter with MOM at the center and a bright burst of fresh flowers will m
product-code-8444;;;;https://rescloud.ediblearrangements.com/image/private/t_EA_PDP/Creative-Marketing/Products/SKU/8444_6459_The_Sweetest_Mothers_Day_Platter_and_Yellow_Bouquet_vase_custom_mosaic.webp;;Single with Modern Mosaic Vase;;;;;$171.97;;TRUE;;;;;FALSE;150;;;;;;;;;;;;The Sweetest Mother's Day Platter & Yellow Bouquet;Make sure mom knows she's one of a kind with our Yellow flowers. A uniquely sweet platter with MOM at the center and a bright burst of fresh flowers will m
product-code-8444;;;;https://rescloud.ediblearrangements.com/image/private/t_EA_PDP/Creative-Marketing/Products/SKU/8444_6459_The_Sweetest_Mothers_Day_Platter_and_Yellow_Bouquet_vase_trumpet.webp;;Single with Clear Vase;;;;;$164.97;;TRUE;;;;;FALSE;150;;;;;;;;;;;;The Sweetest Mother's Day Platter & Yellow Bouquet;Make sure mom knows she's one of a kind with our Yellow flowers. A uniquely sweet platter with MOM at the center and a bright burst of fresh flowers will m
product-code-8444;;;;https://rescloud.ediblearrangements.com/image/private/t_EA_PDP/Creative-Marketing/Products/SKU/8444_6459_The_Sweetest_Mothers_Day_Platter_and_Yellow_Bouquet_angled.webp;;Single Bouquet;;;;;$149.98;;TRUE;;;;;FALSE;150;;;;;;;;;;;;The Sweetest Mother's Day Platter & Yellow Bouquet;Make sure mom knows she's one of a kind with our Yellow flowers. A uniquely sweet platter with MOM at the center and a bright burst of fresh flowers will m
product-code-8448;Mother's Day Celebration & Yellow Bouquet;You and mom may not always see eye to eye, but that's not stopping you from sending a sweet Mother's Day gift, right? Choose one of two vase designs to complete their gift. Actual vase may vary from the image shown.;TRUE;https://rescloud.ediblearrangements.com/image/private/t_EA_PDP/Creative-Marketing/Products/SKU/8448_6466_Mothers_Day_Celebration_and_Yellow_Bouquet_angled.webp;Option;Single Bouquet;;;;;$149.98;;TRUE;;;;;FALSE;150;;;;;;;;;;;;Mother's Day Celebration & Yellow Bouquet;You and mom may not always see eye to eye, but that's not stopping you from sending a sweet Mother's Day gift, right? Choose one of two vase designs to com
product-code-8448;;;;https://rescloud.ediblearrangements.com/image/private/t_EA_PDP/Creative-Marketing/Products/SKU/8448_6466_Mothers_Day_Celebration_and_Yellow_Bouquet_vase_custom_floral.webp;;Single with Janes Garden Vase;;;;;$171.97;;TRUE;;;;;FALSE;150;;;;;;;;;;;;Mother's Day Celebration & Yellow Bouquet;You and mom may not always see eye to eye, but that's not stopping you from sending a sweet Mother's Day gift, right? Choose one of two vase designs to com
product-code-8448;;;;https://rescloud.ediblearrangements.com/image/private/t_EA_PDP/Creative-Marketing/Products/SKU/8448_6466_Mothers_Day_Celebration_and_Yellow_Bouquet_vase_custom_mosaic.webp;;Single with Modern Mosaic Vase;;;;;$171.97;;TRUE;;;;;FALSE;150;;;;;;;;;;;;Mother's Day Celebration & Yellow Bouquet;You and mom may not always see eye to eye, but that's not stopping you from sending a sweet Mother's Day gift, right? Choose one of two vase designs to com
product-code-8448;;;;https://rescloud.ediblearrangements.com/image/private/t_EA_PDP/Creative-Marketing/Products/SKU/8448_6466_Mothers_Day_Celebration_and_Yellow_Bouquet_vase_trumpet.webp;;Single with Clear Vase;;;;;$164.97;;TRUE;;;;;FALSE;150;;;;;;;;;;;;Mother's Day Celebration & Yellow Bouquet;You and mom may not always see eye to eye, but that's not stopping you from sending a sweet Mother's Day gift, right? Choose one of two vase designs to com
product-code-9006;Mother’s Day Centerpiece Arrangement;"Not all heroes wear capes. (Moms, we’re looking at you.) But all of them deserve a sweet reward, and this fruit arrangement with either ""mom"" or ""mama"" in pineapple letters sure does the trick. By offering this grand gesture of affection from near or far, you’ll be the one saving the day.    Arreglo de mesa para el día de las madres      No todos los héroes llevan capa. (Mamás esto va para ustedes) porque todas se merecen una dulce recompensa, y éste arreglo de frutas con “mamá” o “mami” con letras hechas en piña es perfecto para la ocasión. Con este gran gesto de cariño, ya sea estando cerca o en la distancia ¡tú serás quien haga el día especial!";TRUE;https://rescloud.ediblearrangements.com/image/private/t_EA_PDP/Creative-Marketing/Products/SKU/9006_6894_Mothers_Day_Centerpiece_Arrangement_MOM_s.webp;Option;MOM;;;;;$139.99;;TRUE;;;;;FALSE;150;;;;;;;;;;;;Mother’s Day Centerpiece Arrangement;"Not all heroes wear capes. (Moms, we’re looking at you.) But all of them deserve a sweet reward, and this fruit arrangement with either ""mom"" or ""mama"" in "
product-code-9006;;;;https://rescloud.ediblearrangements.com/image/private/t_EA_PDP/Creative-Marketing/Products/SKU/9006_6894_Mothers_Day_Centerpiece_Arrangement_MAMA_s.webp;;MAMA;;;;;$139.99;;TRUE;;;;;FALSE;150;;;;;;;;;;;;Mother’s Day Centerpiece Arrangement;"Not all heroes wear capes. (Moms, we’re looking at you.) But all of them deserve a sweet reward, and this fruit arrangement with either ""mom"" or ""mama"" in "
product-code-9008;Mom Deserves it Dessert Board;Talk about a nice serve: An array of desserts arrives on an artist-designed melamine board. Once all the delicious goodies are savored, Mom will have a keepsake for the kitchen. Win-win. 		    Small dessert board serves 2 to 4 people.   Medium dessert board serves 6 to 10 people.   Large dessert board serves 15+ people.;TRUE;https://rescloud.ediblearrangements.com/image/private/t_EA_PDP/Creative-Marketing/Products/SKU/9008_6896_Mom_Deserves_It_Dessert_Board_12in_over_floral_s.webp;Option;Janes Garden;;;;;$129.99;;TRUE;;;;;FALSE;150;;;;;;;;;;;;Mom Deserves it Dessert Board;Talk about a nice serve: An array of desserts arrives on an artist-designed melamine board. Once all the delicious goodies are savored, Mom will have a kee
product-code-9008;;;;https://rescloud.ediblearrangements.com/image/private/t_EA_PDP/Creative-Marketing/Products/SKU/9008_6896_Mom_Deserves_It_Dessert_Board_12in_over_diamond_s.webp;;Modern Mosaic;;;;;$129.99;;TRUE;;;;;FALSE;150;;;;;;;;;;;;Mom Deserves it Dessert Board;Talk about a nice serve: An array of desserts arrives on an artist-designed melamine board. Once all the delicious goodies are savored, Mom will have a kee
product-code-9008;;;;https://rescloud.ediblearrangements.com/image/private/t_EA_PDP/Creative-Marketing/Products/SKU/9008_6896_Mom_Deserves_It_Dessert_Board_9in_over_s.webp;;Small;;;;;$69.99;;TRUE;;;;;FALSE;150;;;;;;;;;;;;Mom Deserves it Dessert Board;Talk about a nice serve: An array of desserts arrives on an artist-designed melamine board. Once all the delicious goodies are savored, Mom will have a kee
product-code-9010;#1 Mom Arrangement, Truffles, & Balloon Gift Set;"Need a gift that screams, ""I LOVE YOU MOM!"" without actually screaming at her? We've got you covered. Say hey to a gift that's fresh, sweet, and conveys sweet, sweet appreciation.";TRUE;https://rescloud.ediblearrangements.com/image/private/t_EA_PDP/Creative-Marketing/Products/SKU/9010_6898_No1_Mom_Fruit_Arrangement_Truffles_and_Balloon_Gift_Set.webp;Option;One Size;;;;;$114.97;;TRUE;;;;;FALSE;150;;;;;;;;;;;;#1 Mom Arrangement, Truffles, & Balloon Gift Set;"Need a gift that screams, ""I LOVE YOU MOM!"" without actually screaming at her? We've got you covered. Say hey to a gift that's fresh, sweet, and conveys sw"
product-code-9011;Mother’s Day Premium Chocolate & Strawberry Gift Set;If there's anything we know about moms, it's that they LOVE chocolate- and you... of course, but mainly chocolate. Mom will enjoy a 12 piece assortment of chocolate truffles with our iconic dipped strawberries, trust us.;TRUE;https://rescloud.ediblearrangements.com/image/private/t_EA_PDP/Creative-Marketing/Products/SKU/9011_6899_Mothers_Day_Premium_Chocolate_and_Strawberry_Gift_Set.webp;Option;One Size;;;;;$76.98;;TRUE;;;;;FALSE;150;;;;;;;;;;;;Mother’s Day Premium Chocolate & Strawberry Gift Set;If there's anything we know about moms, it's that they LOVE chocolate- and you... of course, but mainly chocolate. Mom will enjoy a 12 piece assortment of
product-code-9012;Mother’s Day Cheesecake Delights Gift Set;Finding a gift for the amazing women in our lives isn't easy. Trust us, we know. This Mother's Day, send mom on a flavor-filled ride with our newest dessert box, hand-crafted to make her smile.;TRUE;https://rescloud.ediblearrangements.com/image/private/t_EA_PDP/Creative-Marketing/Products/SKU/9012_6900_Mothers_Day_Cheesecake_Delights_Gift_Set.webp;Option;One Size;;;;;$74.98;;TRUE;;;;;FALSE;150;;;;;;;;;;;;Mother’s Day Cheesecake Delights Gift Set;Finding a gift for the amazing women in our lives isn't easy. Trust us, we know. This Mother's Day, send mom on a flavor-filled ride with our newest desser
product-code-9014;Mom's Chocolate-Covered Strawberries Platter & Balloons;"The easiest thing you'll do all year? Throw your mom a party she deserves, and order her favorite treats. Nothing says, ""I love you and appreciate you"" like balloons, hand-dipped berries, and sprinkles.";TRUE;https://rescloud.ediblearrangements.com/image/private/t_EA_PDP/Creative-Marketing/Products/SKU/9014_6902_Moms_Chocolate_Covered_Strawberries_Platter_and_Balloon_Bouquet.webp;Option;One Size;;;;;$109.98;;TRUE;;;;;FALSE;150;;;;;;;;;;;;Mom's Chocolate-Covered Strawberries Platter & Balloons;"The easiest thing you'll do all year? Throw your mom a party she deserves, and order her favorite treats. Nothing says, ""I love you and appreciate you"" lik"
product-code-9017;Mother’s Day Deluxe Celebration & Balloons;On a day like Mother's Day, the perfect words can be hard to come by. But if there's anything our moms have taught us, it's about how you make someone feel that matters most. Show your mom how much you care, by giving a gift that says everything you can't.;TRUE;https://rescloud.ediblearrangements.com/image/private/t_EA_PDP/Creative-Marketing/Products/SKU/9017_6905_Mothers_Day_Deluxe_Celebration_and_Balloon_Bouquet_A.webp;Option;Janes Garden;;;;;$159.98;;TRUE;;;;;FALSE;150;;;;;;;;;;;;Mother’s Day Deluxe Celebration & Balloons;On a day like Mother's Day, the perfect words can be hard to come by. But if there's anything our moms have taught us, it's about how you make someone feel
product-code-9017;;;;https://rescloud.ediblearrangements.com/image/private/t_EA_PDP/Creative-Marketing/Products/SKU/9017_6905_Mothers_Day_Deluxe_Celebration_and_Balloon_Bouquet_B.webp;;Modern Mosaic;;;;;$159.98;;TRUE;;;;;FALSE;150;;;;;;;;;;;;Mother’s Day Deluxe Celebration & Balloons;On a day like Mother's Day, the perfect words can be hard to come by. But if there's anything our moms have taught us, it's about how you make someone feel
product-code-9020;Mother’s Day Premium Bouquet & Strawberry Platter;Make a statement this Mother's Day with our Mother’s Day Premium Bouquet & Strawberry Platter. The statement in question? That you're her favorite kid. We're pretty sure this gift features all mom's favorite shades. Include a vase to complete their gift.;TRUE;https://rescloud.ediblearrangements.com/image/private/t_EA_PDP/Creative-Marketing/Products/SKU/9020_6906_Mother_s_Day_Premium_Bouquet_and_Strawberry_Platter_vase_pitcher.webp;Option;Single with Janes Garden Pitcher;;;;;$189.97;;TRUE;;;;;FALSE;150;;;;;;;;;;;;Mother’s Day Premium Bouquet & Strawberry Platter;Make a statement this Mother's Day with our Mother’s Day Premium Bouquet & Strawberry Platter. The statement in question? That you're her favorite kid. We'
product-code-9020;;;;https://rescloud.ediblearrangements.com/image/private/t_EA_PDP/Creative-Marketing/Products/SKU/9020_6906_Mother_s_Day_Premium_Bouquet_and_Strawberry_Platter_vase_custom_floral.webp;;Single with Janes Garden Vase;;;;;$186.97;;TRUE;;;;;FALSE;150;;;;;;;;;;;;Mother’s Day Premium Bouquet & Strawberry Platter;Make a statement this Mother's Day with our Mother’s Day Premium Bouquet & Strawberry Platter. The statement in question? That you're her favorite kid. We'
product-code-9020;;;;https://rescloud.ediblearrangements.com/image/private/t_EA_PDP/Creative-Marketing/Products/SKU/9020_6906_Mother_s_Day_Premium_Bouquet_and_Strawberry_Platter_vase_custom_mosaic.webp;;Single with Modern Mosaic Vase;;;;;$186.97;;TRUE;;;;;FALSE;150;;;;;;;;;;;;Mother’s Day Premium Bouquet & Strawberry Platter;Make a statement this Mother's Day with our Mother’s Day Premium Bouquet & Strawberry Platter. The statement in question? That you're her favorite kid. We'
product-code-9020;;;;https://rescloud.ediblearrangements.com/image/private/t_EA_PDP/Creative-Marketing/Products/SKU/9020_6906_Mother_s_Day_Premium_Bouquet_and_Strawberry_Platter_angled.webp;;Single Bouquet;;;;;$164.98;;TRUE;;;;;FALSE;150;;;;;;;;;;;;Mother’s Day Premium Bouquet & Strawberry Platter;Make a statement this Mother's Day with our Mother’s Day Premium Bouquet & Strawberry Platter. The statement in question? That you're her favorite kid. We'
product-code-9021;Mother’s Day Dessert Box & Yellow Bouquet;Your mom's not like regular moms, right? She's a *cool* mom. Send a gift that's just as cool (and sweet!) as she is this Mother's Day with a dreamy duo of treats and flowers. With a bright pop of yellow, this bundle is ready to make its debut on mom's IG feed. Choose one of two vase designs to complete their gift.;TRUE;https://rescloud.ediblearrangements.com/image/private/t_EA_PDP/Creative-Marketing/Products/SKU/9021_6907_Mothers_Day_Dessert_Box_and_Yellow_Bouquet_vase_custom_floral.webp;Option;Single with Janes Garden Vase;;;;;$136.97;;TRUE;;;;;FALSE;150;;;;;;;;;;;;Mother’s Day Dessert Box & Yellow Bouquet;Your mom's not like regular moms, right? She's a *cool* mom. Send a gift that's just as cool (and sweet!) as she is this Mother's Day with a dreamy duo of 
product-code-9021;;;;https://rescloud.ediblearrangements.com/image/private/t_EA_PDP/Creative-Marketing/Products/SKU/9021_6907_Mothers_Day_Dessert_Box_and_Yellow_Bouquet_vase_custom_mosaic.webp;;Single with Modern Mosaic Vase;;;;;$136.97;;TRUE;;;;;FALSE;150;;;;;;;;;;;;Mother’s Day Dessert Box & Yellow Bouquet;Your mom's not like regular moms, right? She's a *cool* mom. Send a gift that's just as cool (and sweet!) as she is this Mother's Day with a dreamy duo of 
product-code-9021;;;;https://rescloud.ediblearrangements.com/image/private/t_EA_PDP/Creative-Marketing/Products/SKU/9021_6907_Mothers_Day_Dessert_Box_and_Yellow_Bouquet_vase_trumpet.webp;;Single with Clear Vase;;;;;$129.97;;TRUE;;;;;FALSE;150;;;;;;;;;;;;Mother’s Day Dessert Box & Yellow Bouquet;Your mom's not like regular moms, right? She's a *cool* mom. Send a gift that's just as cool (and sweet!) as she is this Mother's Day with a dreamy duo of 
product-code-9021;;;;https://rescloud.ediblearrangements.com/image/private/t_EA_PDP/Creative-Marketing/Products/SKU/9021_6907_Mothers_Day_Dessert_Box_and_Yellow_Bouquet_angled.webp;;Single Bouquet;;;;;$114.98;;TRUE;;;;;FALSE;150;;;;;;;;;;;;Mother’s Day Dessert Box & Yellow Bouquet;Your mom's not like regular moms, right? She's a *cool* mom. Send a gift that's just as cool (and sweet!) as she is this Mother's Day with a dreamy duo of 
product-code-9469;Mini Berry Arrangement;It's perfect for a quick snack or to brighten someone’s day, this lovely mini fruit arrangement makes any moment more magical. Enjoy!;TRUE;https://resources.ediblearrangements.com/resources/en-us/i/a/chocconf_Jan2025Mini_Berry_Arrangement.jpg;Option;Chocolate Confetti Berries;;;;;$29.99;;TRUE;;;;;FALSE;150;;;;;;;;;;;;Mini Berry Arrangement;It's perfect for a quick snack or to brighten someone’s day, this lovely mini fruit arrangement makes any moment more magical. Enjoy!
product-code-9469;;;;https://resources.ediblearrangements.com/resources/en-us/i/a/swizzeberrJan2025Mini_Berry_Arrangement.jpg;;Swizzle Berries®;;;;;$29.99;;TRUE;;;;;FALSE;150;;;;;;;;;;;;Mini Berry Arrangement;It's perfect for a quick snack or to brighten someone’s day, this lovely mini fruit arrangement makes any moment more magical. Enjoy!
product-code-9469;;;;https://resources.ediblearrangements.com/resources/en-us/i/a/hnhberry_Jan2025Mini_Berry_Arrangement.jpg;;Half and Half Berries;;;;;$29.99;;TRUE;;;;;FALSE;150;;;;;;;;;;;;Mini Berry Arrangement;It's perfect for a quick snack or to brighten someone’s day, this lovely mini fruit arrangement makes any moment more magical. Enjoy!
product-code-9469;;;;https://rescloud.ediblearrangements.com/ea-assets/resources/en-us/i/a/ConBerry_Jan2025Mini_Berry_Arrangement.webp;;Confetti Berries;;;;;$29.99;;TRUE;;;;;FALSE;150;;;;;;;;;;;;Mini Berry Arrangement;It's perfect for a quick snack or to brighten someone’s day, this lovely mini fruit arrangement makes any moment more magical. Enjoy!
product-code-9567;Mother's Day Delights Dessert Box;Thinking outside the box is overrated. Especially when a box this sweet is up for grabs. Make Mom’s day and gift her this assortment of chocolate-covered strawberries, cheesecake bites, and brownies. She may not share, but if she does…you’re first on the list.;TRUE;https://rescloud.ediblearrangements.com/image/private/t_EA_PDP/Creative-Marketing/Products/SKU/9567_7233_Mothers_Day_Delights_Dessert_Box.webp;Option;One Size;;;;;$54.99;;TRUE;;;;;FALSE;150;;;;;;;;;;;;Mother's Day Delights Dessert Box;Thinking outside the box is overrated. Especially when a box this sweet is up for grabs. Make Mom’s day and gift her this assortment of chocolate-covered s
product-code-9568;Bobbi's Relaxation Berries & Candle Gift Set;Comfort items are essential. This trio covers all the bases. It includes a plush bear, chocolate-dipped strawberries, and a candle. Perfect for anyone that needs a hug.;TRUE;https://rescloud.ediblearrangements.com/image/private/t_EA_PDP/Creative-Marketing/Products/SKU/9568_7234_Bobbis_Relaxation_Berries_and_Candle_Gift_Set_everyday.webp;Option;Signature Wrap;;;;;$82.97;;TRUE;;;;;FALSE;150;;;;;;;;;;;;Bobbi's Relaxation Berries & Candle Gift Set;Comfort items are essential. This trio covers all the bases. It includes a plush bear, chocolate-dipped strawberries, and a candle. Perfect for anyone that
product-code-9568;;;;https://rescloud.ediblearrangements.com/image/private/t_EA_PDP/Creative-Marketing/Products/SKU/9568_7234_Bobbis_Relaxation_Berries_and_Candle_Gift_Set_HBD.webp;;Happy Birthday Wrap;;;;;$82.97;;TRUE;;;;;FALSE;150;;;;;;;;;;;;Bobbi's Relaxation Berries & Candle Gift Set;Comfort items are essential. This trio covers all the bases. It includes a plush bear, chocolate-dipped strawberries, and a candle. Perfect for anyone that
product-code-9568;;;;https://rescloud.ediblearrangements.com/image/private/t_EA_PDP/Creative-Marketing/Products/SKU/9568_7234_Bobbis_Relaxation_Berries_and_Candle_Gift_Set_love.webp;;I Love You Wrap;;;;;$82.97;;TRUE;;;;;FALSE;150;;;;;;;;;;;;Bobbi's Relaxation Berries & Candle Gift Set;Comfort items are essential. This trio covers all the bases. It includes a plush bear, chocolate-dipped strawberries, and a candle. Perfect for anyone that
product-code-9570;Mother’s Day Fruit Arrangement Centerpiece Gift Set;Whether you know her as Mom or Mama, there's no better way to celebrate her than with this gorgeous centerpiece of dipped berries, fresh fruit, and our classic pineapple daisies. Paired with a relaxing soy candle and a mini balloon, this one will send her over the moon.;TRUE;https://rescloud.ediblearrangements.com/image/private/t_EA_PDP/Creative-Marketing/Products/SKU/9570_7235_Mothers_Day_Fruit_Arrangement_Centerpiece_Gift_Set_MOM.webp;Option;MOM;;;;;$167.97;;TRUE;;;;;FALSE;150;;;;;;;;;;;;Mother’s Day Fruit Arrangement Centerpiece Gift Set;Whether you know her as Mom or Mama, there's no better way to celebrate her than with this gorgeous centerpiece of dipped berries, fresh fruit, and our cla
product-code-9570;;;;https://rescloud.ediblearrangements.com/image/private/t_EA_PDP/Creative-Marketing/Products/SKU/9570_7235_Mothers_Day_Fruit_Arrangement_Centerpiece_Gift_Set_MAMA.webp;;MAMA;;;;;$167.97;;TRUE;;;;;FALSE;150;;;;;;;;;;;;Mother’s Day Fruit Arrangement Centerpiece Gift Set;Whether you know her as Mom or Mama, there's no better way to celebrate her than with this gorgeous centerpiece of dipped berries, fresh fruit, and our cla
product-code-9571;Bubbles, Berries, & Candle Gift Set;Think of the person that deserves the finer things in life. Then order this gift set, stat. It’s a class act that includes chocolate-dipped strawberries, non-alcoholic wine, and a candle. Whether you send it near or far, they’ll feel appreciated.;TRUE;https://rescloud.ediblearrangements.com/image/private/t_EA_PDP/Creative-Marketing/Products/SKU/9571_7236_Bubbles_Berries_and_Candle_Gift_Set_12ct.webp;Option;1 - 12ct box;;;;;$88.97;;TRUE;;;;;FALSE;150;;;;;;;;;;;;Bubbles, Berries, & Candle Gift Set;Think of the person that deserves the finer things in life. Then order this gift set, stat. It’s a class act that includes chocolate-dipped strawberries, n
product-code-9571;;;;https://rescloud.ediblearrangements.com/image/private/t_EA_PDP/Creative-Marketing/Products/SKU/9571_7236_Bubbles_Berries_and_Candle_Gift_Set_6ct.webp;;1 - 6ct box;;;;;$61.97;;TRUE;;;;;FALSE;150;;;;;;;;;;;;Bubbles, Berries, & Candle Gift Set;Think of the person that deserves the finer things in life. Then order this gift set, stat. It’s a class act that includes chocolate-dipped strawberries, n
product-code-9572;#1 Mom Arrangement & Balloon Gift Set;Who’s #1? Mom. That’s who. Make her ranking known with a gift set that includes fresh fruit, cookies, and a balloon. She’ll feel not only on the top of your list, but at the top of the world.;TRUE;https://rescloud.ediblearrangements.com/image/private/t_EA_PDP/Creative-Marketing/Products/SKU/9572_No1_Mom_Fruit_Arrangement_and_Balloon_Gift_Set_daisy_US.webp;Option;Daisy;;;;;$82.97;;TRUE;;;;;FALSE;150;;;;;;;;;;;;#1 Mom Arrangement & Balloon Gift Set;Who’s #1? Mom. That’s who. Make her ranking known with a gift set that includes fresh fruit, cookies, and a balloon. She’ll feel not only on the top of you
product-code-9572;;;;https://rescloud.ediblearrangements.com/image/private/t_EA_PDP/Creative-Marketing/Products/SKU/9572_No1_Mom_Fruit_Arrangement_and_Balloon_Gift_Set_MOM_US.webp;;MOM;;;;;$92.97;;TRUE;;;;;FALSE;150;;;;;;;;;;;;#1 Mom Arrangement & Balloon Gift Set;Who’s #1? Mom. That’s who. Make her ranking known with a gift set that includes fresh fruit, cookies, and a balloon. She’ll feel not only on the top of you
product-code-9573;Mother's Day Berry, Cheesecake, & Balloon Gift Set;Yes, we said “cheesecake.” Which already makes this gift set a winner. Yet we’d be remiss to not call out the chocolate-dipped strawberries and festive balloon — all carefully selected to celebrate Mom.;TRUE;https://rescloud.ediblearrangements.com/image/private/t_EA_PDP/Creative-Marketing/Products/SKU/9573_7238_Mothers_Day_Berry_Cheesecake_and_Balloon_Gift_Set.webp;Option;One Size;;;;;$39.97;;TRUE;;;;;FALSE;150;;;;;;;;;;;;Mother's Day Berry, Cheesecake, & Balloon Gift Set;Yes, we said “cheesecake.” Which already makes this gift set a winner. Yet we’d be remiss to not call out the chocolate-dipped strawberries and festive bal
product-code-9574;Mom's Berry, Cookie, & Balloon Gift Set;Ten out of ten moms agree: Gift sets delivered to their door are awesome. This one is proof. It includes chocolate-dipped strawberries, cookies, and a festive balloon — all to show her that you think she’s #1.;TRUE;https://rescloud.ediblearrangements.com/image/private/t_EA_PDP/Creative-Marketing/Products/SKU/9574_Moms_Berry_Cookie_and_Balloon_Gift_Set_MDAY_US.webp;Option;Mothers Day;;;;;$74.97;;TRUE;;;;;FALSE;150;;;;;;;;;;;;Mom's Berry, Cookie, & Balloon Gift Set;Ten out of ten moms agree: Gift sets delivered to their door are awesome. This one is proof. It includes chocolate-dipped strawberries, cookies, and a fest
product-code-9574;;;;https://rescloud.ediblearrangements.com/image/private/t_EA_PDP/Creative-Marketing/Products/SKU/9574_Moms_Berry_Cookie_and_Balloon_Gift_Set_HBD_US.webp;;Birthday;;;;;$73.97;;TRUE;;;;;FALSE;150;;;;;;;;;;;;Mom's Berry, Cookie, & Balloon Gift Set;Ten out of ten moms agree: Gift sets delivered to their door are awesome. This one is proof. It includes chocolate-dipped strawberries, cookies, and a fest
product-code-9574;;;;https://rescloud.ediblearrangements.com/image/private/t_EA_PDP/Creative-Marketing/Products/SKU/9574_Moms_Berry_Cookie_and_Balloon_Gift_Set_ILY_US.webp;;I Love You;;;;;$73.97;;TRUE;;;;;FALSE;150;;;;;;;;;;;;Mom's Berry, Cookie, & Balloon Gift Set;Ten out of ten moms agree: Gift sets delivered to their door are awesome. This one is proof. It includes chocolate-dipped strawberries, cookies, and a fest
product-code-9576;Mom's Fresh & Fruity Gift Set;Send this fruit bouquet with a full heart. A beautiful assortment of carved fruit is accented by a festive Mother’s Day mini balloon. She’ll definitely feel the love.;TRUE;https://rescloud.ediblearrangements.com/image/private/t_EA_PDP/Creative-Marketing/Products/SKU/9576_Moms_Fresh_and_Fruity_Gift_Set.webp;Option;One Size;;;;;$62.98;;TRUE;;;;;FALSE;150;;;;;;;;;;;;Mom's Fresh & Fruity Gift Set;Send this fruit bouquet with a full heart. A beautiful assortment of carved fruit is accented by a festive Mother’s Day mini balloon. She’ll definitely fee
product-code-9577;Mom's Luxe Chocolates & Dessert Board Gift Set;Our moms have taught us to shine as bright as possible, and because of that, we made a gift to make sure that they can do the same. Brighten their day with smile-worthy gifts, and LOTS of chocolate.;TRUE;https://rescloud.ediblearrangements.com/image/private/t_EA_PDP/Creative-Marketing/Products/SKU/9577_7241_Moms_Luxe_Chocolates_and_Dessert_Board_Gift_Set.webp;Option;One Size;;;;;$94.98;;TRUE;;;;;FALSE;150;;;;;;;;;;;;Mom's Luxe Chocolates & Dessert Board Gift Set;Our moms have taught us to shine as bright as possible, and because of that, we made a gift to make sure that they can do the same. Brighten their day with
product-code-9578;Mother's Day Just Desserts Gift Set;The only word you ever need to know: dessert. The only thing you need to do this Mother’s Day: Send her a box full of them. This set of sweet treats and non-alcoholic wine does the trick. Carefully selected, it’s meant for immediate satisfaction, but everlasting appreciation.;TRUE;https://rescloud.ediblearrangements.com/image/private/t_EA_PDP/Creative-Marketing/Products/SKU/9578_7242_Mothers_Day_Just_Desserts_Gift_Set.webp;Option;One Size;;;;;$71.98;;TRUE;;;;;FALSE;150;;;;;;;;;;;;Mother's Day Just Desserts Gift Set;The only word you ever need to know: dessert. The only thing you need to do this Mother’s Day: Send her a box full of them. This set of sweet treats and no
product-code-9579;Mother's Day Dessert Board & Balloon Trio;Dessert boards are made for sharing. But we won’t blame Mom is she keeps this one all to herself. Great for Mother’s Day gifting, this comes with an assortment of sweet treats, as well as a trio of balloons.;TRUE;https://rescloud.ediblearrangements.com/image/private/t_EA_PDP/Creative-Marketing/Products/SKU/9579_7243_Mom_Deserves_It_Dessert_Board_and_Balloon_Trio.webp;Option;One Size;;;;;$89.98;;TRUE;;;;;FALSE;150;;;;;;;;;;;;Mother's Day Dessert Board & Balloon Trio;Dessert boards are made for sharing. But we won’t blame Mom is she keeps this one all to herself. Great for Mother’s Day gifting, this comes with an assort
product-code-9580;Mother's Day Luxe Chocolates & Bouquet Gift Set;This bouquet puts on quite the show. Dazzle mom with vibrant blooms delivered in an artist-designed vase. While we expect it will be front-and-center on her dining room table, there’s also no doubt that its sweet accompaniment, a 12-piece package of deluxe chocolates, will make an impression, as well.;TRUE;https://rescloud.ediblearrangements.com/image/private/t_EA_PDP/Creative-Marketing/Products/SKU/9580_7244_Mothers_Day_Luxe_Chocolates_and_Premium_Bouquet_Gift_Set_pitcher.webp;Option;Single with Janes Garden Pitcher;;;;;$124.97;;TRUE;;;;;FALSE;150;;;;;;;;;;;;Mother's Day Luxe Chocolates & Bouquet Gift Set;This bouquet puts on quite the show. Dazzle mom with vibrant blooms delivered in an artist-designed vase. While we expect it will be front-and-center on he
product-code-9580;;;;https://rescloud.ediblearrangements.com/image/private/t_EA_PDP/Creative-Marketing/Products/SKU/9580_7244_Mothers_Day_Luxe_Chocolates_and_Premium_Bouquet_Gift_Set_floral.webp;;Single with Janes Garden Vase;;;;;$121.97;;TRUE;;;;;FALSE;150;;;;;;;;;;;;Mother's Day Luxe Chocolates & Bouquet Gift Set;This bouquet puts on quite the show. Dazzle mom with vibrant blooms delivered in an artist-designed vase. While we expect it will be front-and-center on he
product-code-9580;;;;https://rescloud.ediblearrangements.com/image/private/t_EA_PDP/Creative-Marketing/Products/SKU/9580_7244_Mothers_Day_Luxe_Chocolates_and_Premium_Bouquet_Gift_Set_moasic.webp;;Single with Modern Mosaic Vase;;;;;$121.97;;TRUE;;;;;FALSE;150;;;;;;;;;;;;Mother's Day Luxe Chocolates & Bouquet Gift Set;This bouquet puts on quite the show. Dazzle mom with vibrant blooms delivered in an artist-designed vase. While we expect it will be front-and-center on he
product-code-9580;;;;https://rescloud.ediblearrangements.com/image/private/t_EA_PDP/Creative-Marketing/Products/SKU/9580_7244_Mothers_Day_Luxe_Chocolates_and_Premium_Bouquet_Gift_Set_angled.webp;;Single Bouquet;;;;;$99.98;;TRUE;;;;;FALSE;150;;;;;;;;;;;;Mother's Day Luxe Chocolates & Bouquet Gift Set;This bouquet puts on quite the show. Dazzle mom with vibrant blooms delivered in an artist-designed vase. While we expect it will be front-and-center on he
product-code-9581;Mother's Day Arrangement & Dessert Board Gift Set;"Oh, mom. She really is the sweetest. And what says ""you're the sweetest"" like delicious, blissful bites of fruit? Send this gift set and you'll be receiving your own ""you're the sweetest!"" messages before long.";TRUE;https://rescloud.ediblearrangements.com/image/private/t_EA_PDP/Creative-Marketing/Products/SKU/9581_7258_Mothers_Day_Celebration_Arrangement_and_Dessert_Board_Gift_Set_MOM.webp;Option;MOM;;;;;$159.98;;TRUE;;;;;FALSE;150;;;;;;;;;;;;Mother's Day Arrangement & Dessert Board Gift Set;"Oh, mom. She really is the sweetest. And what says ""you're the sweetest"" like delicious, blissful bites of fruit? Send this gift set and you'll be receivin"
product-code-9581;;;;https://rescloud.ediblearrangements.com/image/private/t_EA_PDP/Creative-Marketing/Products/SKU/9581_7258_Mothers_Day_Celebration_Arrangement_and_Dessert_Board_Gift_Set_MAMA.webp;;MAMA;;;;;$159.98;;TRUE;;;;;FALSE;150;;;;;;;;;;;;Mother's Day Arrangement & Dessert Board Gift Set;"Oh, mom. She really is the sweetest. And what says ""you're the sweetest"" like delicious, blissful bites of fruit? Send this gift set and you'll be receivin"
product-code-9586;Mother's Day Berries & Bubbles Gift Set;For the mom who has it all (including fabulous friends and family, such as yourself), we present the perfect gift: a crate filled with fresh strawberries, Wander + Found non-alcoholic wine, and a Candlefish candle. Bonus points if she reuses the crate for gardening supplies, bath items, or thank-you notes — which you are sure to receive.;TRUE;https://rescloud.ediblearrangements.com/image/private/t_EA_PDP/Creative-Marketing/Products/SKU/9586_7250_Mothers_Day_Berries_and_Bubbles_Gift_Set_boxed.webp;Option;One Size;;;;;$99.99;;TRUE;;;;;FALSE;150;;;;;;;;;;;;Mother's Day Berries & Bubbles Gift Set;For the mom who has it all (including fabulous friends and family, such as yourself), we present the perfect gift: a crate filled with fresh strawberries, 
product-code-9591;Mom's Favorites Berry, Bouquet, & Candle Gift Set;Mom doesn’t play favorites with her kids (if she did, you’d be top pick for sure). But she does with gifts. And this set includes her top three: a flower bouquet, chocolate-dipped strawberries, and a candle. Cover all the bases and have it delivered in time for her special day.;TRUE;https://rescloud.ediblearrangements.com/image/private/t_EA_PDP/Creative-Marketing/Products/SKU/9591_7253_Moms_Favorites_Berry_Yellow_Bouquet_and_Candle_Gift_Set_vase_custom_mosaic.webp;Option;Single with Modern Mosaic Vase;;;;;$126.96;;TRUE;;;;;FALSE;150;;;;;;;;;;;;Mom's Favorites Berry, Bouquet, & Candle Gift Set;Mom doesn’t play favorites with her kids (if she did, you’d be top pick for sure). But she does with gifts. And this set includes her top three: a flower b
product-code-9591;;;;https://rescloud.ediblearrangements.com/image/private/t_EA_PDP/Creative-Marketing/Products/SKU/9591_7253_Moms_Favorites_Berry_Yellow_Bouquet_and_Candle_Gift_Set_vase_custom_floral.webp;;Single with Janes Garden Vase;;;;;$126.96;;TRUE;;;;;FALSE;150;;;;;;;;;;;;Mom's Favorites Berry, Bouquet, & Candle Gift Set;Mom doesn’t play favorites with her kids (if she did, you’d be top pick for sure). But she does with gifts. And this set includes her top three: a flower b
product-code-9591;;;;https://rescloud.ediblearrangements.com/image/private/t_EA_PDP/Creative-Marketing/Products/SKU/9591_7253_Moms_Favorites_Berry_Yellow_Bouquet_and_Candle_Gift_Set_vase_trumpet.webp;;Single with Clear Vase;;;;;$119.96;;TRUE;;;;;FALSE;150;;;;;;;;;;;;Mom's Favorites Berry, Bouquet, & Candle Gift Set;Mom doesn’t play favorites with her kids (if she did, you’d be top pick for sure). But she does with gifts. And this set includes her top three: a flower b
product-code-9591;;;;https://rescloud.ediblearrangements.com/image/private/t_EA_PDP/Creative-Marketing/Products/SKU/9591_7253_Moms_Favorites_Berry_Yellow_Bouquet_and_Candle_Gift_Set_angled.webp;;Single Bouquet;;;;;$104.97;;TRUE;;;;;FALSE;150;;;;;;;;;;;;Mom's Favorites Berry, Bouquet, & Candle Gift Set;Mom doesn’t play favorites with her kids (if she did, you’d be top pick for sure). But she does with gifts. And this set includes her top three: a flower b
product-code-9592;Mother's Day Dipped Strawberries, Cookie, & Bouquet Gift Set;A hint of sweetness. A touch of indulgence. And a flower bouquet for show. Treat mom to all three with this gift set, which includes fresh blooms, along with cookies and chocolate-dipped strawberries. A class act, indeed.;TRUE;https://rescloud.ediblearrangements.com/image/private/t_EA_PDP/Creative-Marketing/Products/SKU/9592_Mothers_Day_Dipped_Strawberries_Cookie_and_Bouquet_Gift_Set_US_vase_custom_mosaic.webp;Option;Single with Modern Mosaic Vase;;;;;$121.96;;TRUE;;;;;FALSE;150;;;;;;;;;;;;Mother's Day Dipped Strawberries, Cookie, & Bouquet Gift Set;A hint of sweetness. A touch of indulgence. And a flower bouquet for show. Treat mom to all three with this gift set, which includes fresh blooms, along wi
product-code-9592;;;;https://rescloud.ediblearrangements.com/image/private/t_EA_PDP/Creative-Marketing/Products/SKU/9592_Mothers_Day_Dipped_Strawberries_Cookie_and_Bouquet_Gift_Set_US_vase_custom_floral.webp;;Single with Janes Garden Vase;;;;;$121.96;;TRUE;;;;;FALSE;150;;;;;;;;;;;;Mother's Day Dipped Strawberries, Cookie, & Bouquet Gift Set;A hint of sweetness. A touch of indulgence. And a flower bouquet for show. Treat mom to all three with this gift set, which includes fresh blooms, along wi
product-code-9592;;;;https://rescloud.ediblearrangements.com/image/private/t_EA_PDP/Creative-Marketing/Products/SKU/9592_Mothers_Day_Dipped_Strawberries_Cookie_and_Bouquet_Gift_Set_US_vase_trumpet.webp;;Single with Clear Vase;;;;;$114.96;;TRUE;;;;;FALSE;150;;;;;;;;;;;;Mother's Day Dipped Strawberries, Cookie, & Bouquet Gift Set;A hint of sweetness. A touch of indulgence. And a flower bouquet for show. Treat mom to all three with this gift set, which includes fresh blooms, along wi
product-code-9592;;;;https://rescloud.ediblearrangements.com/image/private/t_EA_PDP/Creative-Marketing/Products/SKU/9592_Mothers_Day_Dipped_Strawberries_Cookie_and_Bouquet_Gift_Set_US_angled.webp;;Single Bouquet;;;;;$99.97;;TRUE;;;;;FALSE;150;;;;;;;;;;;;Mother's Day Dipped Strawberries, Cookie, & Bouquet Gift Set;A hint of sweetness. A touch of indulgence. And a flower bouquet for show. Treat mom to all three with this gift set, which includes fresh blooms, along wi